{
  "Ammonia API": {
    "units": "ppm",
    "led": "630",
    "fit_type": "polynomial",
    "fit_coef": [
      1.0128521350438369,
      1.890930808804952,
      0.0
    ],
    "range": {
      "min": 0.0,
      "max": 2.0
    }
  },
  "FD&C Blue 1": {
    "units": "mg/L",
    "led": "630",
    "fit_type": "polynomial",
    "fit_coef": [
      9.657673193787982,
      0.0
    ],
    "range": {
      "min": 0.0,
      "max": 0.81
    }
  },
  "Nitrate API": {
    "units": "ppm",
    "led": "520",
    "fit_type": "polynomial",
    "fit_coef": [
      0.32039213453320625,
      34.032597696304,
      0.0
    ],
    "range": {
      "min": 0.0,
      "max": 1.47
    }
  },
  "Nitrite API": {
    "units": "ppm",
    "led": "520",
    "fit_type": "polynomial",
    "fit_coef": [
      0.13111937060865314,
      1.2591439203550079,
      0.0
    ],
    "range": {
      "min": 0.0,
      "max": 1.4
    }
  }
}